,height
0,180.0
1,188.0
2,193.0
3,196.0
4,178.0
5,180.0
6,196.0
7,183.0
8,196.0
9,196.0
10,193.0
11,208.0
12,190.0
13,196.0
14,196.0
15,185.0
16,193.0
17,193.0
18,208.0
19,196.0
20,190.0
21,190.0
22,190.0
23,183.0
24,196.0
25,193.0
26,180.0
27,190.0
28,188.0
29,196.0
30,188.0
31,201.0
32,178.0
33,183.0
34,201.0
35,193.0
36,185.0
37,183.0
38,185.0
39,185.0
40,190.0
41,196.0
42,183.0
43,196.0
44,188.0
45,198.0
46,190.0
47,196.0
48,188.0
49,190.0
50,190.0
51,185.0
52,188.0
53,188.0
54,196.0
55,180.0
56,198.0
57,198.0
58,196.0
59,183.0
60,180.0
61,196.0
62,193.0
63,201.0
64,190.0
65,201.0
66,190.0
67,188.0
68,201.0
69,196.0
70,208.0
71,206.0
72,185.0
73,183.0
74,201.0
75,188.0
76,201.0
77,201.0
78,180.0
79,190.0
80,206.0
81,190.0
82,206.0
83,178.0
84,188.0
85,193.0
86,178.0
87,193.0
88,190.0
89,190.0
90,180.0
91,196.0
92,180.0
93,180.0
94,206.0
95,190.0
96,183.0
97,198.0
98,198.0
99,190.0
100,188.0
101,190.0
102,201.0
103,201.0
104,180.0
105,188.0
106,188.0
107,190.0
108,190.0
109,188.0
110,188.0
111,208.0
112,188.0
113,185.0
114,203.0
115,183.0
116,203.0
117,193.0
118,178.0
119,193.0
120,190.0
121,180.0
122,183.0
123,198.0
124,196.0
125,196.0
126,183.0
127,196.0
128,203.0
129,208.0
130,201.0
131,201.0
132,201.0
133,193.0
134,188.0
135,183.0
136,183.0
137,201.0
138,185.0
139,193.0
140,203.0
141,190.0
142,203.0
143,206.0
144,183.0
145,185.0
146,188.0
147,190.0
148,180.0
149,190.0
150,208.0
151,201.0
152,190.0
153,190.0
154,183.0
155,188.0
156,188.0
157,193.0
158,190.0
159,206.0
160,196.0
161,188.0
162,193.0
163,206.0
164,201.0
165,201.0
166,198.0
167,196.0
168,180.0
169,206.0
170,188.0
171,206.0
172,206.0
173,183.0
174,178.0
175,178.0
176,196.0
177,178.0
178,188.0
179,183.0
180,196.0
181,196.0
182,203.0
183,201.0
184,198.0
185,188.0
186,178.0
187,190.0
188,190.0
189,178.0
190,188.0
191,188.0
192,185.0
193,190.0
194,188.0
195,185.0
196,203.0
197,185.0
198,190.0
199,183.0
200,196.0
201,193.0
202,185.0
203,188.0
204,196.0
205,198.0
206,183.0
207,193.0
208,183.0
209,183.0
210,190.0
211,190.0
212,193.0
213,193.0
214,198.0
215,183.0
216,198.0
217,188.0
218,183.0
219,175.0
220,175.0
221,175.0
222,188.0
223,
224,193.0
225,190.0
226,188.0
227,203.0
228,196.0
229,185.0
230,196.0
231,198.0
232,196.0
233,185.0
234,198.0
235,188.0
236,203.0
237,206.0
238,193.0
239,185.0
240,201.0
241,196.0
242,196.0
243,196.0
244,198.0
245,196.0
246,188.0
247,188.0
248,188.0
249,201.0
250,193.0
251,196.0
252,206.0
253,196.0
254,185.0
255,198.0
256,201.0
257,190.0
258,196.0
259,198.0
260,185.0
261,183.0
262,203.0
263,203.0
264,198.0
265,203.0
266,185.0
267,183.0
268,196.0
269,188.0
270,188.0
271,175.0
272,196.0
273,193.0
274,190.0
275,193.0
276,185.0
277,188.0
278,190.0
279,211.0
280,178.0
281,180.0
282,211.0
283,185.0
284,193.0
285,193.0
286,185.0
287,183.0
288,203.0
289,201.0
290,188.0
291,185.0
292,180.0
293,201.0
294,201.0
295,190.0
296,196.0
297,188.0
298,178.0
299,188.0
300,178.0
301,196.0
302,185.0
303,201.0
304,203.0
305,193.0
306,196.0
307,190.0
308,188.0
309,190.0
310,188.0
311,201.0
312,190.0
313,183.0
314,188.0
315,185.0
316,193.0
317,206.0
318,201.0
319,183.0
320,188.0
321,190.0
322,193.0
323,190.0
324,196.0
325,203.0
326,198.0
327,190.0
328,211.0
329,203.0
330,188.0
331,180.0
332,196.0
333,188.0
334,201.0
335,188.0
336,198.0
337,206.0
338,188.0
339,198.0
340,211.0
341,211.0
342,196.0
343,196.0
344,190.0
345,196.0
346,193.0
347,198.0
348,190.0
349,185.0
350,198.0
351,193.0
352,180.0
353,196.0
354,201.0
355,190.0
356,190.0
357,193.0
358,190.0
359,185.0
360,188.0
361,190.0
362,193.0
363,196.0
364,196.0
365,198.0
366,188.0
367,206.0
368,198.0
369,188.0
370,188.0
371,193.0
372,190.0
373,190.0
374,190.0
375,196.0
376,203.0
377,198.0
378,193.0
379,206.0
380,190.0
381,196.0
382,190.0
383,188.0
384,206.0
385,201.0
386,193.0
387,183.0
388,185.0
389,196.0
390,188.0
391,201.0
392,196.0
393,201.0
394,196.0
395,213.0
396,190.0
397,193.0
398,190.0
399,190.0
400,198.0
401,190.0
402,198.0
403,190.0
404,203.0
405,196.0
406,183.0
407,193.0
408,188.0
409,188.0
410,201.0
411,196.0
412,190.0
413,206.0
414,190.0
415,201.0
416,198.0
417,198.0
418,190.0
419,203.0
420,198.0
421,203.0
422,190.0
423,201.0
424,188.0
425,193.0
426,193.0
427,201.0
428,198.0
429,203.0
430,208.0
431,183.0
432,190.0
433,185.0
434,198.0
435,198.0
436,198.0
437,185.0
438,208.0
439,203.0
440,190.0
441,196.0
442,201.0
443,196.0
444,193.0
445,198.0
446,185.0
447,188.0
448,193.0
449,190.0
450,193.0
451,193.0
452,203.0
453,193.0
454,203.0
455,188.0
456,188.0
457,188.0
458,196.0
459,193.0
460,201.0
461,198.0
462,203.0
463,193.0
464,188.0
465,196.0
466,198.0
467,193.0
468,198.0
469,201.0
470,203.0
471,206.0
472,196.0
473,203.0
474,201.0
475,198.0
476,188.0
477,198.0
478,190.0
479,196.0
480,196.0
481,180.0
482,196.0
483,203.0
484,206.0
485,206.0
486,183.0
487,188.0
488,201.0
489,203.0
490,206.0
491,190.0
492,193.0
493,183.0
494,216.0
495,203.0
496,196.0
497,196.0
498,196.0
499,201.0
500,188.0
501,201.0
502,190.0
503,193.0
504,206.0
505,206.0
506,193.0
507,190.0
508,185.0
509,183.0
510,203.0
511,198.0
512,193.0
513,221.0
514,208.0
515,203.0
516,203.0
517,190.0
518,180.0
519,196.0
520,193.0
521,185.0
522,201.0
523,190.0
524,198.0
525,196.0
526,198.0
527,188.0
528,185.0
529,193.0
530,211.0
531,185.0
532,185.0
533,201.0
534,206.0
535,198.0
536,188.0
537,188.0
538,175.0
539,178.0
540,180.0
541,180.0
542,185.0
543,201.0
544,206.0
545,193.0
546,198.0
547,188.0
548,198.0
549,185.0
550,208.0
551,198.0
552,190.0
553,203.0
554,206.0
555,201.0
556,196.0
557,185.0
558,196.0
559,188.0
560,190.0
561,193.0
562,203.0
563,185.0
564,185.0
565,206.0
566,198.0
567,203.0
568,193.0
569,198.0
570,201.0
571,203.0
572,193.0
573,208.0
574,198.0
575,190.0
576,201.0
577,203.0
578,196.0
579,203.0
580,203.0
581,190.0
582,206.0
583,188.0
584,196.0
585,198.0
586,188.0
587,203.0
588,198.0
589,198.0
590,196.0
591,193.0
592,183.0
593,183.0
594,188.0
595,198.0
596,196.0
597,185.0
598,193.0
599,208.0
600,188.0
601,196.0
602,190.0
603,196.0
604,213.0
605,188.0
606,196.0
607,193.0
608,206.0
609,198.0
610,188.0
611,196.0
612,203.0
613,193.0
614,193.0
615,183.0
616,190.0
617,196.0
618,188.0
619,193.0
620,211.0
621,193.0
622,203.0
623,203.0
624,196.0
625,203.0
626,185.0
627,196.0
628,213.0
629,185.0
630,193.0
631,201.0
632,201.0
633,201.0
634,206.0
635,188.0
636,193.0
637,185.0
638,198.0
639,193.0
640,201.0
641,193.0
642,196.0
643,206.0
644,201.0
645,208.0
646,201.0
647,203.0
648,201.0
649,201.0
650,201.0
651,198.0
652,198.0
653,196.0
654,203.0
655,201.0
656,185.0
657,203.0
658,196.0
659,190.0
660,196.0
661,196.0
662,173.0
663,201.0
664,208.0
665,208.0
666,208.0
667,196.0
668,198.0
669,198.0
670,188.0
671,208.0
672,183.0
673,203.0
674,190.0
675,206.0
676,208.0
677,196.0
678,188.0
679,193.0
680,185.0
681,198.0
682,213.0
683,190.0
684,201.0
685,196.0
686,203.0
687,198.0
688,196.0
689,208.0
690,203.0
691,201.0
692,185.0
693,203.0
694,203.0
695,203.0
696,185.0
697,196.0
698,190.0
699,196.0
700,201.0
701,211.0
702,198.0
703,188.0
704,196.0
705,193.0
706,190.0
707,208.0
708,193.0
709,206.0
710,201.0
711,201.0
712,196.0
713,208.0
714,193.0
715,185.0
716,185.0
717,203.0
718,190.0
719,185.0
720,203.0
721,201.0
722,188.0
723,198.0
724,183.0
725,190.0
726,188.0
727,196.0
728,201.0
729,196.0
730,196.0
731,190.0
732,203.0
733,198.0
734,193.0
735,206.0
736,213.0
737,203.0
738,201.0
739,190.0
740,188.0
741,193.0
742,196.0
743,198.0
744,185.0
745,201.0
746,206.0
747,185.0
748,206.0
749,190.0
750,185.0
751,213.0
752,203.0
753,196.0
754,208.0
755,196.0
756,193.0
757,201.0
758,185.0
759,196.0
760,185.0
761,193.0
762,206.0
763,201.0
764,203.0
765,201.0
766,203.0
767,198.0
768,206.0
769,190.0
770,193.0
771,211.0
772,213.0
773,213.0
774,190.0
775,203.0
776,196.0
777,196.0
778,211.0
779,193.0
780,208.0
781,201.0
782,196.0
783,201.0
784,201.0
785,198.0
786,190.0
787,190.0
788,190.0
789,218.0
790,188.0
791,201.0
792,193.0
793,196.0
794,190.0
795,190.0
796,198.0
797,190.0
798,190.0
799,190.0
800,201.0
801,201.0
802,203.0
803,188.0
804,203.0
805,201.0
806,190.0
807,201.0
808,196.0
809,198.0
810,196.0
811,208.0
812,193.0
813,206.0
814,203.0
815,196.0
816,196.0
817,208.0
818,190.0
819,190.0
820,190.0
821,188.0
822,198.0
823,185.0
824,196.0
825,208.0
826,193.0
827,208.0
828,208.0
829,188.0
830,190.0
831,206.0
832,206.0
833,201.0
834,193.0
835,216.0
836,193.0
837,190.0
838,206.0
839,198.0
840,203.0
841,198.0
842,206.0
843,206.0
844,206.0
845,206.0
846,198.0
847,211.0
848,201.0
849,190.0
850,201.0
851,208.0
852,211.0
853,196.0
854,190.0
855,206.0
856,196.0
857,201.0
858,196.0
859,175.0
860,196.0
861,201.0
862,193.0
863,190.0
864,206.0
865,208.0
866,198.0
867,206.0
868,203.0
869,198.0
870,206.0
871,206.0
872,196.0
873,198.0
874,203.0
875,190.0
876,206.0
877,180.0
878,193.0
879,188.0
880,188.0
881,201.0
882,185.0
883,190.0
884,185.0
885,198.0
886,213.0
887,190.0
888,193.0
889,198.0
890,190.0
891,190.0
892,188.0
893,196.0
894,201.0
895,196.0
896,203.0
897,196.0
898,190.0
899,190.0
900,185.0
901,206.0
902,190.0
903,201.0
904,211.0
905,203.0
906,201.0
907,203.0
908,183.0
909,188.0
910,208.0
911,193.0
912,201.0
913,206.0
914,218.0
915,203.0
916,206.0
917,193.0
918,190.0
919,201.0
920,196.0
921,213.0
922,190.0
923,213.0
924,196.0
925,203.0
926,203.0
927,196.0
928,188.0
929,188.0
930,201.0
931,188.0
932,185.0
933,188.0
934,185.0
935,196.0
936,196.0
937,201.0
938,201.0
939,203.0
940,190.0
941,188.0
942,198.0
943,196.0
944,188.0
945,198.0
946,208.0
947,201.0
948,201.0
949,183.0
950,198.0
951,203.0
952,196.0
953,211.0
954,206.0
955,193.0
956,203.0
957,198.0
958,203.0
959,201.0
960,198.0
961,183.0
962,190.0
963,208.0
964,208.0
965,203.0
966,190.0
967,185.0
968,201.0
969,196.0
970,193.0
971,198.0
972,185.0
973,198.0
974,193.0
975,198.0
976,203.0
977,206.0
978,206.0
979,196.0
980,206.0
981,201.0
982,201.0
983,193.0
984,198.0
985,190.0
986,190.0
987,198.0
988,190.0
989,198.0
990,201.0
991,183.0
992,203.0
993,201.0
994,190.0
995,201.0
996,203.0
997,193.0
998,190.0
999,208.0
1000,190.0
1001,203.0
1002,213.0
1003,196.0
1004,188.0
1005,201.0
1006,188.0
1007,206.0
1008,188.0
1009,190.0
1010,196.0
1011,198.0
1012,196.0
1013,188.0
1014,185.0
1015,203.0
1016,185.0
1017,201.0
1018,213.0
1019,208.0
1020,203.0
1021,196.0
1022,193.0
1023,196.0
1024,193.0
1025,218.0
1026,206.0
1027,211.0
1028,201.0
1029,196.0
1030,183.0
1031,198.0
1032,190.0
1033,198.0
1034,203.0
1035,208.0
1036,206.0
1037,190.0
1038,183.0
1039,201.0
1040,203.0
1041,208.0
1042,193.0
1043,198.0
1044,213.0
1045,193.0
1046,183.0
1047,198.0
1048,183.0
1049,190.0
1050,206.0
1051,201.0
1052,196.0
1053,201.0
1054,196.0
1055,188.0
1056,193.0
1057,206.0
1058,190.0
1059,188.0
1060,203.0
1061,183.0
1062,211.0
1063,188.0
1064,193.0
1065,201.0
1066,201.0
1067,198.0
1068,201.0
1069,193.0
1070,193.0
1071,206.0
1072,196.0
1073,201.0
1074,201.0
1075,206.0
1076,196.0
1077,206.0
1078,211.0
1079,203.0
1080,211.0
1081,193.0
1082,208.0
1083,196.0
1084,206.0
1085,206.0
1086,190.0
1087,196.0
1088,198.0
1089,201.0
1090,193.0
1091,193.0
1092,183.0
1093,190.0
1094,196.0
1095,213.0
1096,190.0
1097,190.0
1098,208.0
1099,198.0
1100,190.0
1101,203.0
1102,188.0
1103,190.0
1104,203.0
1105,211.0
1106,208.0
1107,203.0
1108,188.0
1109,206.0
1110,201.0
1111,190.0
1112,203.0
1113,198.0
1114,198.0
1115,206.0
1116,190.0
1117,203.0
1118,188.0
1119,188.0
1120,203.0
1121,201.0
1122,185.0
1123,211.0
1124,203.0
1125,193.0
1126,190.0
1127,203.0
1128,206.0
1129,201.0
1130,188.0
1131,190.0
1132,188.0
1133,193.0
1134,183.0
1135,183.0
1136,203.0
1137,203.0
1138,183.0
1139,206.0
1140,196.0
1141,188.0
1142,198.0
1143,208.0
1144,208.0
1145,208.0
1146,190.0
1147,211.0
1148,206.0
1149,193.0
1150,201.0
1151,201.0
1152,193.0
1153,188.0
1154,193.0
1155,193.0
1156,203.0
1157,201.0
1158,218.0
1159,208.0
1160,201.0
1161,206.0
1162,206.0
1163,201.0
1164,193.0
1165,206.0
1166,188.0
1167,211.0
1168,206.0
1169,193.0
1170,206.0
1171,211.0
1172,198.0
1173,206.0
1174,190.0
1175,190.0
1176,196.0
1177,206.0
1178,198.0
1179,206.0
1180,185.0
1181,193.0
1182,208.0
1183,190.0
1184,206.0
1185,208.0
1186,201.0
1187,190.0
1188,185.0
1189,196.0
1190,211.0
1191,198.0
1192,203.0
1193,208.0
1194,208.0
1195,213.0
1196,198.0
1197,211.0
1198,203.0
1199,208.0
1200,185.0
1201,203.0
1202,193.0
1203,203.0
1204,185.0
1205,196.0
1206,190.0
1207,213.0
1208,198.0
1209,196.0
1210,188.0
1211,183.0
1212,203.0
1213,193.0
1214,193.0
1215,170.0
1216,185.0
1217,185.0
1218,193.0
1219,201.0
1220,183.0
1221,193.0
1222,211.0
1223,216.0
1224,198.0
1225,183.0
1226,183.0
1227,188.0
1228,196.0
1229,185.0
1230,190.0
1231,201.0
1232,208.0
1233,190.0
1234,188.0
1235,201.0
1236,198.0
1237,188.0
1238,188.0
1239,201.0
1240,198.0
1241,198.0
1242,173.0
1243,201.0
1244,190.0
1245,203.0
1246,201.0
1247,201.0
1248,213.0
1249,196.0
1250,201.0
1251,208.0
1252,188.0
1253,198.0
1254,183.0
1255,201.0
1256,198.0
1257,196.0
1258,203.0
1259,190.0
1260,201.0
1261,185.0
1262,201.0
1263,206.0
1264,188.0
1265,208.0
1266,203.0
1267,198.0
1268,190.0
1269,203.0
1270,203.0
1271,203.0
1272,188.0
1273,201.0
1274,206.0
1275,203.0
1276,196.0
1277,193.0
1278,216.0
1279,201.0
1280,198.0
1281,211.0
1282,185.0
1283,180.0
1284,190.0
1285,206.0
1286,190.0
1287,201.0
1288,180.0
1289,185.0
1290,198.0
1291,193.0
1292,198.0
1293,201.0
1294,196.0
1295,185.0
1296,196.0
1297,208.0
1298,211.0
1299,211.0
1300,201.0
1301,206.0
1302,198.0
1303,188.0
1304,196.0
1305,188.0
1306,208.0
1307,203.0
1308,198.0
1309,183.0
1310,198.0
1311,201.0
1312,208.0
1313,198.0
1314,201.0
1315,183.0
1316,196.0
1317,183.0
1318,201.0
1319,201.0
1320,198.0
1321,196.0
1322,190.0
1323,198.0
1324,198.0
1325,211.0
1326,198.0
1327,201.0
1328,198.0
1329,201.0
1330,201.0
1331,201.0
1332,208.0
1333,190.0
1334,201.0
1335,190.0
1336,208.0
1337,193.0
1338,196.0
1339,206.0
1340,206.0
1341,206.0
1342,203.0
1343,198.0
1344,216.0
1345,208.0
1346,198.0
1347,201.0
1348,193.0
1349,206.0
1350,196.0
1351,193.0
1352,206.0
1353,188.0
1354,203.0
1355,185.0
1356,193.0
1357,206.0
1358,188.0
1359,188.0
1360,190.0
1361,190.0
1362,203.0
1363,188.0
1364,203.0
1365,183.0
1366,201.0
1367,188.0
1368,206.0
1369,201.0
1370,206.0
1371,208.0
1372,198.0
1373,206.0
1374,185.0
1375,190.0
1376,208.0
1377,213.0
1378,190.0
1379,198.0
1380,211.0
1381,201.0
1382,206.0
1383,190.0
1384,206.0
1385,196.0
1386,206.0
1387,188.0
1388,201.0
1389,190.0
1390,203.0
1391,206.0
1392,196.0
1393,193.0
1394,201.0
1395,190.0
1396,208.0
1397,193.0
1398,196.0
1399,190.0
1400,193.0
1401,198.0
1402,190.0
1403,206.0
1404,201.0
1405,218.0
1406,185.0
1407,218.0
1408,190.0
1409,193.0
1410,201.0
1411,211.0
1412,193.0
1413,201.0
1414,201.0
1415,208.0
1416,203.0
1417,193.0
1418,211.0
1419,206.0
1420,208.0
1421,201.0
1422,198.0
1423,193.0
1424,193.0
1425,211.0
1426,213.0
1427,188.0
1428,190.0
1429,208.0
1430,185.0
1431,201.0
1432,201.0
1433,208.0
1434,198.0
1435,185.0
1436,185.0
1437,190.0
1438,185.0
1439,198.0
1440,201.0
1441,213.0
1442,203.0
1443,203.0
1444,198.0
1445,198.0
1446,185.0
1447,203.0
1448,196.0
1449,203.0
1450,185.0
1451,203.0
1452,201.0
1453,185.0
1454,203.0
1455,188.0
1456,201.0
1457,196.0
1458,190.0
1459,201.0
1460,203.0
1461,213.0
1462,201.0
1463,206.0
1464,198.0
1465,211.0
1466,196.0
1467,196.0
1468,198.0
1469,193.0
1470,213.0
1471,201.0
1472,198.0
1473,193.0
1474,198.0
1475,196.0
1476,208.0
1477,193.0
1478,196.0
1479,188.0
1480,206.0
1481,208.0
1482,208.0
1483,188.0
1484,203.0
1485,190.0
1486,188.0
1487,203.0
1488,185.0
1489,218.0
1490,183.0
1491,213.0
1492,198.0
1493,208.0
1494,185.0
1495,203.0
1496,198.0
1497,198.0
1498,193.0
1499,213.0
1500,198.0
1501,198.0
1502,201.0
1503,193.0
1504,206.0
1505,196.0
1506,196.0
1507,208.0
1508,208.0
1509,193.0
1510,201.0
1511,203.0
1512,208.0
1513,211.0
1514,206.0
1515,201.0
1516,185.0
1517,206.0
1518,198.0
1519,196.0
1520,185.0
1521,206.0
1522,201.0
1523,201.0
1524,203.0
1525,208.0
1526,201.0
1527,198.0
1528,201.0
1529,206.0
1530,206.0
1531,190.0
1532,190.0
1533,208.0
1534,183.0
1535,208.0
1536,193.0
1537,188.0
1538,206.0
1539,190.0
1540,224.0
1541,193.0
1542,196.0
1543,211.0
1544,203.0
1545,190.0
1546,208.0
1547,201.0
1548,208.0
1549,201.0
1550,188.0
1551,203.0
1552,211.0
1553,203.0
1554,201.0
1555,206.0
1556,190.0
1557,203.0
1558,206.0
1559,203.0
1560,211.0
1561,203.0
1562,201.0
1563,226.0
1564,206.0
1565,201.0
1566,193.0
1567,203.0
1568,196.0
1569,193.0
1570,196.0
1571,198.0
1572,208.0
1573,188.0
1574,196.0
1575,190.0
1576,196.0
1577,193.0
1578,196.0
1579,196.0
1580,201.0
1581,203.0
1582,208.0
1583,211.0
1584,201.0
1585,196.0
1586,196.0
1587,203.0
1588,201.0
1589,185.0
1590,190.0
1591,206.0
1592,216.0
1593,206.0
1594,211.0
1595,221.0
1596,213.0
1597,196.0
1598,193.0
1599,203.0
1600,208.0
1601,203.0
1602,201.0
1603,198.0
1604,201.0
1605,185.0
1606,203.0
1607,208.0
1608,190.0
1609,188.0
1610,198.0
1611,193.0
1612,206.0
1613,206.0
1614,206.0
1615,211.0
1616,208.0
1617,206.0
1618,183.0
1619,193.0
1620,201.0
1621,201.0
1622,206.0
1623,206.0
1624,208.0
1625,188.0
1626,203.0
1627,216.0
1628,203.0
1629,193.0
1630,208.0
1631,224.0
1632,190.0
1633,211.0
1634,188.0
1635,190.0
1636,190.0
1637,198.0
1638,188.0
1639,211.0
1640,193.0
1641,206.0
1642,208.0
1643,190.0
1644,193.0
1645,188.0
1646,193.0
1647,198.0
1648,211.0
1649,201.0
1650,206.0
1651,198.0
1652,198.0
1653,216.0
1654,206.0
1655,198.0
1656,188.0
1657,206.0
1658,201.0
1659,196.0
1660,206.0
1661,216.0
1662,190.0
1663,201.0
1664,203.0
1665,196.0
1666,196.0
1667,190.0
1668,190.0
1669,213.0
1670,193.0
1671,190.0
1672,188.0
1673,213.0
1674,211.0
1675,198.0
1676,201.0
1677,211.0
1678,206.0
1679,213.0
1680,206.0
1681,208.0
1682,206.0
1683,201.0
1684,190.0
1685,206.0
1686,211.0
1687,198.0
1688,196.0
1689,203.0
1690,193.0
1691,196.0
1692,185.0
1693,201.0
1694,198.0
1695,206.0
1696,206.0
1697,211.0
1698,190.0
1699,190.0
1700,208.0
1701,188.0
1702,188.0
1703,183.0
1704,190.0
1705,190.0
1706,201.0
1707,178.0
1708,188.0
1709,213.0
1710,216.0
1711,231.0
1712,213.0
1713,203.0
1714,201.0
1715,190.0
1716,203.0
1717,198.0
1718,213.0
1719,208.0
1720,190.0
1721,213.0
1722,203.0
1723,203.0
1724,203.0
1725,203.0
1726,203.0
1727,196.0
1728,211.0
1729,198.0
1730,198.0
1731,203.0
1732,211.0
1733,193.0
1734,211.0
1735,213.0
1736,208.0
1737,206.0
1738,201.0
1739,206.0
1740,198.0
1741,201.0
1742,203.0
1743,201.0
1744,190.0
1745,188.0
1746,198.0
1747,203.0
1748,193.0
1749,206.0
1750,190.0
1751,213.0
1752,203.0
1753,196.0
1754,206.0
1755,201.0
1756,213.0
1757,203.0
1758,208.0
1759,208.0
1760,206.0
1761,188.0
1762,216.0
1763,188.0
1764,168.0
1765,213.0
1766,198.0
1767,201.0
1768,203.0
1769,201.0
1770,203.0
1771,213.0
1772,203.0
1773,203.0
1774,201.0
1775,206.0
1776,206.0
1777,193.0
1778,213.0
1779,188.0
1780,190.0
1781,216.0
1782,213.0
1783,211.0
1784,203.0
1785,196.0
1786,198.0
1787,203.0
1788,193.0
1789,201.0
1790,190.0
1791,190.0
1792,201.0
1793,203.0
1794,198.0
1795,208.0
1796,206.0
1797,206.0
1798,208.0
1799,206.0
1800,198.0
1801,201.0
1802,196.0
1803,211.0
1804,198.0
1805,201.0
1806,188.0
1807,203.0
1808,196.0
1809,201.0
1810,183.0
1811,201.0
1812,208.0
1813,196.0
1814,211.0
1815,213.0
1816,196.0
1817,185.0
1818,198.0
1819,190.0
1820,196.0
1821,211.0
1822,201.0
1823,180.0
1824,203.0
1825,211.0
1826,188.0
1827,188.0
1828,196.0
1829,211.0
1830,196.0
1831,211.0
1832,188.0
1833,208.0
1834,206.0
1835,198.0
1836,193.0
1837,160.0
1838,203.0
1839,206.0
1840,201.0
1841,180.0
1842,188.0
1843,193.0
1844,208.0
1845,196.0
1846,188.0
1847,206.0
1848,208.0
1849,196.0
1850,211.0
1851,196.0
1852,178.0
1853,185.0
1854,201.0
1855,206.0
1856,203.0
1857,193.0
1858,198.0
1859,201.0
1860,211.0
1861,206.0
1862,201.0
1863,206.0
1864,213.0
1865,196.0
1866,206.0
1867,218.0
1868,203.0
1869,203.0
1870,211.0
1871,198.0
1872,203.0
1873,206.0
1874,190.0
1875,208.0
1876,180.0
1877,196.0
1878,193.0
1879,193.0
1880,213.0
1881,185.0
1882,203.0
1883,188.0
1884,201.0
1885,203.0
1886,196.0
1887,203.0
1888,211.0
1889,208.0
1890,203.0
1891,180.0
1892,201.0
1893,203.0
1894,198.0
1895,180.0
1896,206.0
1897,211.0
1898,208.0
1899,193.0
1900,201.0
1901,198.0
1902,198.0
1903,196.0
1904,196.0
1905,190.0
1906,203.0
1907,216.0
1908,201.0
1909,201.0
1910,190.0
1911,188.0
1912,213.0
1913,203.0
1914,198.0
1915,190.0
1916,203.0
1917,198.0
1918,196.0
1919,208.0
1920,190.0
1921,216.0
1922,178.0
1923,201.0
1924,206.0
1925,190.0
1926,201.0
1927,198.0
1928,211.0
1929,211.0
1930,180.0
1931,206.0
1932,203.0
1933,198.0
1934,208.0
1935,193.0
1936,201.0
1937,203.0
1938,190.0
1939,196.0
1940,208.0
1941,213.0
1942,206.0
1943,208.0
1944,188.0
1945,196.0
1946,208.0
1947,183.0
1948,196.0
1949,203.0
1950,211.0
1951,208.0
1952,211.0
1953,198.0
1954,185.0
1955,208.0
1956,224.0
1957,190.0
1958,188.0
1959,196.0
1960,211.0
1961,193.0
1962,201.0
1963,188.0
1964,193.0
1965,188.0
1966,206.0
1967,198.0
1968,201.0
1969,201.0
1970,180.0
1971,198.0
1972,201.0
1973,183.0
1974,201.0
1975,203.0
1976,198.0
1977,206.0
1978,198.0
1979,203.0
1980,198.0
1981,206.0
1982,185.0
1983,216.0
1984,183.0
1985,206.0
1986,193.0
1987,213.0
1988,203.0
1989,206.0
1990,203.0
1991,170.0
1992,190.0
1993,206.0
1994,183.0
1995,206.0
1996,203.0
1997,196.0
1998,193.0
1999,188.0
2000,203.0
2001,208.0
2002,180.0
2003,211.0
2004,206.0
2005,188.0
2006,193.0
2007,216.0
2008,190.0
2009,193.0
2010,198.0
2011,196.0
2012,196.0
2013,201.0
2014,198.0
2015,203.0
2016,198.0
2017,193.0
2018,208.0
2019,198.0
2020,193.0
2021,190.0
2022,201.0
2023,206.0
2024,203.0
2025,196.0
2026,203.0
2027,203.0
2028,201.0
2029,185.0
2030,206.0
2031,216.0
2032,211.0
2033,203.0
2034,188.0
2035,203.0
2036,188.0
2037,208.0
2038,190.0
2039,203.0
2040,188.0
2041,206.0
2042,208.0
2043,198.0
2044,203.0
2045,188.0
2046,188.0
2047,208.0
2048,188.0
2049,201.0
2050,213.0
2051,203.0
2052,193.0
2053,203.0
2054,185.0
2055,198.0
2056,208.0
2057,203.0
2058,198.0
2059,211.0
2060,213.0
2061,198.0
2062,198.0
2063,208.0
2064,185.0
2065,206.0
2066,201.0
2067,196.0
2068,196.0
2069,208.0
2070,211.0
2071,196.0
2072,196.0
2073,196.0
2074,208.0
2075,213.0
2076,190.0
2077,180.0
2078,206.0
2079,206.0
2080,196.0
2081,203.0
2082,213.0
2083,211.0
2084,193.0
2085,185.0
2086,190.0
2087,203.0
2088,203.0
2089,206.0
2090,188.0
2091,208.0
2092,206.0
2093,208.0
2094,208.0
2095,218.0
2096,193.0
2097,201.0
2098,216.0
2099,193.0
2100,190.0
2101,190.0
2102,188.0
2103,206.0
2104,216.0
2105,203.0
2106,201.0
2107,201.0
2108,213.0
2109,203.0
2110,198.0
2111,206.0
2112,218.0
2113,206.0
2114,188.0
2115,208.0
2116,201.0
2117,196.0
2118,190.0
2119,190.0
2120,206.0
2121,183.0
2122,183.0
2123,203.0
2124,208.0
2125,196.0
2126,203.0
2127,180.0
2128,198.0
2129,190.0
2130,203.0
2131,185.0
2132,208.0
2133,208.0
2134,208.0
2135,183.0
2136,196.0
2137,211.0
2138,206.0
2139,211.0
2140,208.0
2141,201.0
2142,208.0
2143,198.0
2144,196.0
2145,206.0
2146,213.0
2147,198.0
2148,183.0
2149,178.0
2150,218.0
2151,196.0
2152,218.0
2153,196.0
2154,196.0
2155,190.0
2156,190.0
2157,193.0
2158,185.0
2159,218.0
2160,196.0
2161,203.0
2162,201.0
2163,188.0
2164,183.0
2165,196.0
2166,203.0
2167,213.0
2168,188.0
2169,203.0
2170,201.0
2171,203.0
2172,203.0
2173,193.0
2174,188.0
2175,193.0
2176,190.0
2177,193.0
2178,203.0
2179,206.0
2180,206.0
2181,206.0
2182,193.0
2183,183.0
2184,198.0
2185,201.0
2186,196.0
2187,201.0
2188,198.0
2189,185.0
2190,203.0
2191,185.0
2192,208.0
2193,201.0
2194,196.0
2195,198.0
2196,190.0
2197,201.0
2198,203.0
2199,213.0
2200,185.0
2201,208.0
2202,208.0
2203,206.0
2204,196.0
2205,206.0
2206,198.0
2207,170.0
2208,201.0
2209,208.0
2210,206.0
2211,211.0
2212,201.0
2213,208.0
2214,203.0
2215,185.0
2216,206.0
2217,196.0
2218,203.0
2219,208.0
2220,201.0
2221,193.0
2222,216.0
2223,188.0
2224,190.0
2225,193.0
2226,185.0
2227,208.0
2228,208.0
2229,203.0
2230,208.0
2231,208.0
2232,198.0
2233,213.0
2234,196.0
2235,196.0
2236,196.0
2237,198.0
2238,198.0
2239,206.0
2240,211.0
2241,188.0
2242,206.0
2243,193.0
2244,178.0
2245,201.0
2246,211.0
2247,206.0
2248,229.0
2249,229.0
2250,203.0
2251,201.0
2252,188.0
2253,190.0
2254,201.0
2255,196.0
2256,206.0
2257,190.0
2258,188.0
2259,190.0
2260,208.0
2261,203.0
2262,201.0
2263,196.0
2264,185.0
2265,208.0
2266,201.0
2267,185.0
2268,193.0
2269,206.0
2270,208.0
2271,213.0
2272,201.0
2273,196.0
2274,211.0
2275,211.0
2276,201.0
2277,198.0
2278,188.0
2279,183.0
2280,190.0
2281,201.0
2282,188.0
2283,203.0
2284,180.0
2285,193.0
2286,206.0
2287,203.0
2288,208.0
2289,203.0
2290,206.0
2291,193.0
2292,213.0
2293,203.0
2294,196.0
2295,198.0
2296,208.0
2297,231.0
2298,203.0
2299,208.0
2300,208.0
2301,211.0
2302,196.0
2303,213.0
2304,198.0
2305,201.0
2306,201.0
2307,211.0
2308,211.0
2309,211.0
2310,193.0
2311,206.0
2312,216.0
2313,183.0
2314,183.0
2315,206.0
2316,218.0
2317,211.0
2318,183.0
2319,188.0
2320,183.0
2321,183.0
2322,201.0
2323,190.0
2324,206.0
2325,213.0
2326,198.0
2327,188.0
2328,211.0
2329,206.0
2330,201.0
2331,193.0
2332,203.0
2333,203.0
2334,206.0
2335,196.0
2336,208.0
2337,193.0
2338,211.0
2339,193.0
2340,206.0
2341,180.0
2342,216.0
2343,196.0
2344,206.0
2345,198.0
2346,211.0
2347,213.0
2348,201.0
2349,201.0
2350,206.0
2351,208.0
2352,198.0
2353,193.0
2354,201.0
2355,190.0
2356,190.0
2357,201.0
2358,211.0
2359,203.0
2360,211.0
2361,185.0
2362,206.0
2363,201.0
2364,206.0
2365,196.0
2366,213.0
2367,193.0
2368,203.0
2369,203.0
2370,193.0
2371,188.0
2372,201.0
2373,203.0
2374,203.0
2375,211.0
2376,185.0
2377,193.0
2378,208.0
2379,203.0
2380,198.0
2381,185.0
2382,198.0
2383,180.0
2384,185.0
2385,196.0
2386,203.0
2387,203.0
2388,203.0
2389,196.0
2390,188.0
2391,198.0
2392,213.0
2393,213.0
2394,216.0
2395,196.0
2396,208.0
2397,178.0
2398,190.0
2399,201.0
2400,201.0
2401,211.0
2402,185.0
2403,218.0
2404,203.0
2405,206.0
2406,193.0
2407,201.0
2408,185.0
2409,188.0
2410,193.0
2411,208.0
2412,196.0
2413,211.0
2414,206.0
2415,196.0
2416,193.0
2417,206.0
2418,208.0
2419,196.0
2420,213.0
2421,180.0
2422,203.0
2423,218.0
2424,196.0
2425,208.0
2426,213.0
2427,203.0
2428,190.0
2429,185.0
2430,201.0
2431,206.0
2432,221.0
2433,213.0
2434,190.0
2435,198.0
2436,178.0
2437,196.0
2438,206.0
2439,206.0
2440,203.0
2441,203.0
2442,211.0
2443,208.0
2444,203.0
2445,206.0
2446,203.0
2447,188.0
2448,213.0
2449,206.0
2450,203.0
2451,198.0
2452,193.0
2453,201.0
2454,208.0
2455,190.0
2456,198.0
2457,211.0
2458,208.0
2459,211.0
2460,206.0
2461,193.0
2462,185.0
2463,188.0
2464,196.0
2465,203.0
2466,206.0
2467,185.0
2468,193.0
2469,208.0
2470,188.0
2471,201.0
2472,201.0
2473,201.0
2474,213.0
2475,206.0
2476,183.0
2477,183.0
2478,206.0
2479,183.0
2480,196.0
2481,213.0
2482,224.0
2483,193.0
2484,211.0
2485,190.0
2486,188.0
2487,208.0
2488,211.0
2489,193.0
2490,206.0
2491,190.0
2492,190.0
2493,190.0
2494,185.0
2495,211.0
2496,206.0
2497,208.0
2498,196.0
2499,201.0
2500,201.0
2501,213.0
2502,201.0
2503,208.0
2504,198.0
2505,208.0
2506,201.0
2507,201.0
2508,201.0
2509,190.0
2510,211.0
2511,193.0
2512,206.0
2513,206.0
2514,203.0
2515,178.0
2516,206.0
2517,188.0
2518,198.0
2519,196.0
2520,213.0
2521,196.0
2522,211.0
2523,190.0
2524,206.0
2525,198.0
2526,193.0
2527,211.0
2528,221.0
2529,193.0
2530,201.0
2531,206.0
2532,206.0
2533,211.0
2534,193.0
2535,211.0
2536,206.0
2537,201.0
2538,208.0
2539,206.0
2540,178.0
2541,188.0
2542,190.0
2543,206.0
2544,203.0
2545,206.0
2546,185.0
2547,221.0
2548,185.0
2549,196.0
2550,203.0
2551,178.0
2552,188.0
2553,211.0
2554,208.0
2555,203.0
2556,201.0
2557,198.0
2558,201.0
2559,196.0
2560,193.0
2561,198.0
2562,211.0
2563,208.0
2564,198.0
2565,196.0
2566,183.0
2567,203.0
2568,208.0
2569,213.0
2570,206.0
2571,206.0
2572,198.0
2573,208.0
2574,208.0
2575,185.0
2576,193.0
2577,196.0
2578,183.0
2579,198.0
2580,198.0
2581,198.0
2582,208.0
2583,198.0
2584,185.0
2585,198.0
2586,185.0
2587,165.0
2588,198.0
2589,190.0
2590,198.0
2591,211.0
2592,206.0
2593,198.0
2594,196.0
2595,211.0
2596,188.0
2597,188.0
2598,206.0
2599,213.0
2600,201.0
2601,206.0
2602,206.0
2603,196.0
2604,188.0
2605,193.0
2606,213.0
2607,203.0
2608,190.0
2609,211.0
2610,183.0
2611,211.0
2612,198.0
2613,196.0
2614,183.0
2615,208.0
2616,201.0
2617,208.0
2618,203.0
2619,211.0
2620,193.0
2621,208.0
2622,211.0
2623,203.0
2624,198.0
2625,213.0
2626,213.0
2627,213.0
2628,206.0
2629,196.0
2630,201.0
2631,211.0
2632,190.0
2633,190.0
2634,193.0
2635,206.0
2636,211.0
2637,213.0
2638,206.0
2639,218.0
2640,203.0
2641,196.0
2642,178.0
2643,206.0
2644,206.0
2645,185.0
2646,213.0
2647,201.0
2648,188.0
2649,180.0
2650,188.0
2651,211.0
2652,211.0
2653,203.0
2654,208.0
2655,201.0
2656,196.0
2657,196.0
2658,203.0
2659,193.0
2660,196.0
2661,185.0
2662,193.0
2663,190.0
2664,190.0
2665,193.0
2666,206.0
2667,211.0
2668,211.0
2669,190.0
2670,203.0
2671,196.0
2672,196.0
2673,198.0
2674,188.0
2675,203.0
2676,196.0
2677,193.0
2678,201.0
2679,203.0
2680,193.0
2681,203.0
2682,206.0
2683,190.0
2684,201.0
2685,213.0
2686,198.0
2687,201.0
2688,206.0
2689,188.0
2690,208.0
2691,206.0
2692,190.0
2693,203.0
2694,196.0
2695,221.0
2696,196.0
2697,203.0
2698,206.0
2699,198.0
2700,188.0
2701,198.0
2702,201.0
2703,206.0
2704,188.0
2705,190.0
2706,190.0
2707,213.0
2708,185.0
2709,216.0
2710,185.0
2711,196.0
2712,213.0
2713,203.0
2714,188.0
2715,193.0
2716,183.0
2717,196.0
2718,190.0
2719,178.0
2720,206.0
2721,206.0
2722,183.0
2723,208.0
2724,208.0
2725,211.0
2726,190.0
2727,203.0
2728,185.0
2729,185.0
2730,190.0
2731,193.0
2732,218.0
2733,211.0
2734,206.0
2735,206.0
2736,211.0
2737,206.0
2738,201.0
2739,213.0
2740,193.0
2741,208.0
2742,213.0
2743,206.0
2744,203.0
2745,208.0
2746,211.0
2747,203.0
2748,206.0
2749,203.0
2750,201.0
2751,208.0
2752,206.0
2753,190.0
2754,201.0
2755,201.0
2756,196.0
2757,216.0
2758,198.0
2759,198.0
2760,201.0
2761,198.0
2762,213.0
2763,193.0
2764,216.0
2765,211.0
2766,208.0
2767,196.0
2768,206.0
2769,208.0
2770,218.0
2771,208.0
2772,196.0
2773,211.0
2774,208.0
2775,213.0
2776,208.0
2777,208.0
2778,190.0
2779,196.0
2780,188.0
2781,211.0
2782,203.0
2783,190.0
2784,213.0
2785,208.0
2786,193.0
2787,218.0
2788,188.0
2789,213.0
2790,201.0
2791,211.0
2792,188.0
2793,216.0
2794,180.0
2795,193.0
2796,193.0
2797,183.0
2798,213.0
2799,211.0
2800,213.0
2801,211.0
2802,196.0
2803,193.0
2804,185.0
2805,193.0
2806,208.0
2807,203.0
2808,213.0
2809,208.0
2810,203.0
2811,196.0
2812,206.0
2813,213.0
2814,213.0
2815,188.0
2816,201.0
2817,201.0
2818,211.0
2819,206.0
2820,206.0
2821,211.0
2822,180.0
2823,188.0
2824,208.0
2825,206.0
2826,213.0
2827,198.0
2828,196.0
2829,198.0
2830,188.0
2831,206.0
2832,206.0
2833,201.0
2834,208.0
2835,185.0
2836,206.0
2837,190.0
2838,198.0
2839,193.0
2840,216.0
2841,201.0
2842,185.0
2843,203.0
2844,216.0
2845,211.0
2846,206.0
2847,203.0
2848,203.0
2849,206.0
2850,206.0
2851,185.0
2852,211.0
2853,201.0
2854,201.0
2855,183.0
2856,190.0
2857,208.0
2858,203.0
2859,211.0
2860,198.0
2861,198.0
2862,208.0
2863,208.0
2864,196.0
2865,193.0
2866,201.0
2867,211.0
2868,216.0
2869,203.0
2870,198.0
2871,201.0
2872,203.0
2873,211.0
2874,193.0
2875,201.0
2876,193.0
2877,196.0
2878,229.0
2879,193.0
2880,206.0
2881,211.0
2882,201.0
2883,185.0
2884,193.0
2885,206.0
2886,190.0
2887,211.0
2888,201.0
2889,211.0
2890,198.0
2891,201.0
2892,211.0
2893,198.0
2894,208.0
2895,203.0
2896,208.0
2897,218.0
2898,213.0
2899,183.0
2900,201.0
2901,208.0
2902,178.0
2903,193.0
2904,206.0
2905,203.0
2906,201.0
2907,203.0
2908,188.0
2909,190.0
2910,203.0
2911,208.0
2912,185.0
2913,190.0
2914,196.0
2915,213.0
2916,211.0
2917,203.0
2918,211.0
2919,198.0
2920,196.0
2921,206.0
2922,185.0
2923,198.0
2924,188.0
2925,203.0
2926,203.0
2927,201.0
2928,206.0
2929,213.0
2930,201.0
2931,201.0
2932,196.0
2933,206.0
2934,198.0
2935,190.0
2936,193.0
2937,208.0
2938,198.0
2939,203.0
2940,201.0
2941,193.0
2942,201.0
2943,201.0
2944,203.0
2945,208.0
2946,203.0
2947,190.0
2948,190.0
2949,213.0
2950,203.0
2951,201.0
2952,211.0
2953,185.0
2954,188.0
2955,213.0
2956,206.0
2957,211.0
2958,211.0
2959,201.0
2960,196.0
2961,208.0
2962,198.0
2963,201.0
2964,188.0
2965,203.0
2966,206.0
2967,203.0
2968,198.0
2969,226.0
2970,193.0
2971,203.0
2972,206.0
2973,203.0
2974,193.0
2975,211.0
2976,203.0
2977,185.0
2978,178.0
2979,211.0
2980,193.0
2981,208.0
2982,185.0
2983,208.0
2984,190.0
2985,183.0
2986,203.0
2987,208.0
2988,203.0
2989,198.0
2990,206.0
2991,185.0
2992,206.0
2993,213.0
2994,196.0
2995,188.0
2996,208.0
2997,190.0
2998,190.0
2999,213.0
3000,211.0
3001,206.0
3002,198.0
3003,198.0
3004,190.0
3005,208.0
3006,185.0
3007,216.0
3008,206.0
3009,178.0
3010,213.0
3011,198.0
3012,201.0
3013,206.0
3014,183.0
3015,201.0
3016,208.0
3017,226.0
3018,226.0
3019,203.0
3020,211.0
3021,198.0
3022,198.0
3023,221.0
3024,188.0
3025,188.0
3026,213.0
3027,198.0
3028,208.0
3029,198.0
3030,213.0
3031,175.0
3032,183.0
3033,193.0
3034,198.0
3035,190.0
3036,208.0
3037,208.0
3038,201.0
3039,193.0
3040,208.0
3041,206.0
3042,196.0
3043,198.0
3044,218.0
3045,213.0
3046,196.0
3047,203.0
3048,208.0
3049,211.0
3050,213.0
3051,190.0
3052,213.0
3053,183.0
3054,190.0
3055,185.0
3056,203.0
3057,190.0
3058,190.0
3059,206.0
3060,185.0
3061,190.0
3062,201.0
3063,211.0
3064,206.0
3065,201.0
3066,201.0
3067,201.0
3068,198.0
3069,206.0
3070,201.0
3071,201.0
3072,193.0
3073,190.0
3074,198.0
3075,190.0
3076,201.0
3077,206.0
3078,190.0
3079,193.0
3080,206.0
3081,208.0
3082,203.0
3083,206.0
3084,201.0
3085,193.0
3086,206.0
3087,201.0
3088,206.0
3089,193.0
3090,185.0
3091,185.0
3092,203.0
3093,213.0
3094,208.0
3095,193.0
3096,183.0
3097,213.0
3098,206.0
3099,188.0
3100,208.0
3101,196.0
3102,206.0
3103,175.0
3104,196.0
3105,193.0
3106,216.0
3107,206.0
3108,203.0
3109,185.0
3110,208.0
3111,198.0
3112,201.0
3113,208.0
3114,211.0
3115,196.0
3116,198.0
3117,206.0
3118,216.0
3119,208.0
3120,190.0
3121,206.0
3122,185.0
3123,201.0
3124,211.0
3125,190.0
3126,193.0
3127,196.0
3128,211.0
3129,206.0
3130,211.0
3131,208.0
3132,196.0
3133,203.0
3134,203.0
3135,213.0
3136,183.0
3137,208.0
3138,198.0
3139,193.0
3140,206.0
3141,193.0
3142,201.0
3143,198.0
3144,188.0
3145,211.0
3146,201.0
3147,190.0
3148,188.0
3149,196.0
3150,193.0
3151,206.0
3152,203.0
3153,201.0
3154,188.0
3155,216.0
3156,188.0
3157,203.0
3158,206.0
3159,188.0
3160,213.0
3161,216.0
3162,208.0
3163,206.0
3164,208.0
3165,198.0
3166,208.0
3167,183.0
3168,201.0
3169,208.0
3170,196.0
3171,203.0
3172,206.0
3173,203.0
3174,208.0
3175,203.0
3176,198.0
3177,208.0
3178,213.0
3179,208.0
3180,203.0
3181,198.0
3182,188.0
3183,188.0
3184,188.0
3185,198.0
3186,190.0
3187,185.0
3188,198.0
3189,201.0
3190,201.0
3191,206.0
3192,208.0
3193,201.0
3194,201.0
3195,193.0
3196,206.0
3197,206.0
3198,206.0
3199,206.0
3200,208.0
3201,185.0
3202,185.0
3203,185.0
3204,196.0
3205,188.0
3206,211.0
3207,198.0
3208,206.0
3209,196.0
3210,206.0
3211,183.0
3212,203.0
3213,185.0
3214,190.0
3215,196.0
3216,208.0
3217,206.0
3218,188.0
3219,201.0
3220,206.0
3221,211.0
3222,216.0
3223,196.0
3224,211.0
3225,213.0
3226,196.0
3227,183.0
3228,198.0
3229,216.0
3230,208.0
3231,213.0
3232,196.0
3233,206.0
3234,193.0
3235,203.0
3236,190.0
3237,211.0
3238,206.0
3239,208.0
3240,203.0
3241,203.0
3242,203.0
3243,211.0
3244,213.0
3245,218.0
3246,201.0
3247,193.0
3248,206.0
3249,216.0
3250,206.0
3251,190.0
3252,208.0
3253,211.0
3254,211.0
3255,196.0
3256,203.0
3257,203.0
3258,188.0
3259,211.0
3260,211.0
3261,208.0
3262,208.0
3263,211.0
3264,203.0
3265,201.0
3266,203.0
3267,218.0
3268,203.0
3269,208.0
3270,206.0
3271,206.0
3272,203.0
3273,190.0
3274,206.0
3275,193.0
3276,188.0
3277,196.0
3278,203.0
3279,201.0
3280,190.0
3281,198.0
3282,208.0
3283,216.0
3284,216.0
3285,193.0
3286,211.0
3287,218.0
3288,198.0
3289,218.0
3290,218.0
3291,190.0
3292,213.0
3293,203.0
3294,206.0
3295,208.0
3296,196.0
3297,196.0
3298,211.0
3299,213.0
3300,206.0
3301,196.0
3302,213.0
3303,213.0
3304,208.0
3305,201.0
3306,201.0
3307,201.0
3308,213.0
3309,196.0
3310,193.0
3311,213.0
3312,208.0
3313,190.0
3314,198.0
3315,206.0
3316,183.0
3317,208.0
3318,188.0
3319,185.0
3320,203.0
3321,196.0
3322,196.0
3323,198.0
3324,198.0
3325,190.0
3326,190.0
3327,206.0
3328,206.0
3329,208.0
3330,188.0
3331,188.0
3332,183.0
3333,201.0
3334,201.0
3335,185.0
3336,201.0
3337,203.0
3338,206.0
3339,208.0
3340,183.0
3341,203.0
3342,190.0
3343,190.0
3344,211.0
3345,201.0
3346,188.0
3347,193.0
3348,198.0
3349,183.0
3350,185.0
3351,198.0
3352,206.0
3353,206.0
3354,206.0
3355,201.0
3356,206.0
3357,196.0
3358,208.0
3359,193.0
3360,190.0
3361,211.0
3362,208.0
3363,190.0
3364,196.0
3365,185.0
3366,208.0
3367,206.0
3368,188.0
3369,201.0
3370,180.0
3371,185.0
3372,190.0
3373,193.0
3374,203.0
3375,213.0
3376,213.0
3377,203.0
3378,193.0
3379,188.0
3380,198.0
3381,221.0
3382,193.0
3383,198.0
3384,198.0
3385,201.0
3386,216.0
3387,211.0
3388,206.0
3389,198.0
3390,213.0
3391,206.0
3392,185.0
3393,203.0
3394,208.0
3395,188.0
3396,206.0
3397,180.0
3398,211.0
3399,211.0
3400,196.0
3401,208.0
3402,190.0
3403,206.0
3404,213.0
3405,206.0
3406,213.0
3407,196.0
3408,208.0
3409,201.0
3410,201.0
3411,206.0
3412,208.0
3413,203.0
3414,196.0
3415,203.0
3416,198.0
3417,198.0
3418,201.0
3419,180.0
3420,196.0
3421,183.0
3422,201.0
3423,203.0
3424,206.0
3425,190.0
3426,211.0
3427,216.0
3428,213.0
3429,193.0
3430,201.0
3431,206.0
3432,211.0
3433,211.0
3434,201.0
3435,193.0
3436,206.0
3437,211.0
3438,206.0
3439,190.0
3440,211.0
3441,183.0
3442,211.0
3443,196.0
3444,201.0
3445,201.0
3446,208.0
3447,190.0
3448,198.0
3449,193.0
3450,193.0
3451,213.0
3452,206.0
3453,208.0
3454,208.0
3455,206.0
3456,196.0
3457,198.0
3458,201.0
3459,201.0
3460,188.0
3461,206.0
3462,180.0
3463,190.0
3464,203.0
3465,213.0
3466,180.0
3467,188.0
3468,211.0
3469,190.0
3470,178.0
3471,208.0
3472,208.0
3473,196.0
3474,190.0
3475,196.0
3476,201.0
3477,203.0
3478,206.0
3479,190.0
3480,190.0
3481,190.0
3482,178.0
3483,203.0
3484,206.0
3485,213.0
3486,190.0
3487,211.0
3488,211.0
3489,178.0
3490,196.0
3491,201.0
3492,193.0
3493,208.0
3494,198.0
3495,190.0
3496,208.0
3497,208.0
3498,193.0
3499,188.0
3500,188.0
3501,208.0
3502,188.0
3503,208.0
3504,203.0
3505,193.0
3506,188.0
3507,196.0
3508,196.0
3509,203.0
3510,190.0
3511,188.0
3512,188.0
3513,211.0
3514,198.0
3515,185.0
3516,203.0
3517,206.0
3518,206.0
3519,201.0
3520,208.0
3521,206.0
3522,208.0
3523,198.0
3524,211.0
3525,213.0
3526,203.0
3527,190.0
3528,196.0
3529,188.0
3530,203.0
3531,201.0
3532,180.0
3533,190.0
3534,198.0
3535,208.0
3536,196.0
3537,196.0
3538,185.0
3539,206.0
3540,206.0
3541,198.0
3542,193.0
3543,206.0
3544,206.0
3545,211.0
3546,198.0
3547,211.0
3548,201.0
3549,208.0
3550,190.0
3551,201.0
3552,190.0
3553,206.0
3554,211.0
3555,198.0
3556,208.0
3557,193.0
3558,196.0
3559,201.0
3560,203.0
3561,203.0
3562,211.0
3563,206.0
3564,201.0
3565,201.0
3566,213.0
3567,193.0
3568,196.0
3569,216.0
3570,190.0
3571,185.0
3572,193.0
3573,213.0
3574,203.0
3575,203.0
3576,206.0
3577,213.0
3578,211.0
3579,196.0
3580,206.0
3581,208.0
3582,211.0
3583,211.0
3584,190.0
3585,193.0
3586,185.0
3587,208.0
3588,201.0
3589,213.0
3590,203.0
3591,206.0
3592,198.0
3593,208.0
3594,203.0
3595,206.0
3596,193.0
3597,190.0
3598,188.0
3599,206.0
3600,213.0
3601,206.0
3602,193.0
3603,188.0
3604,198.0
3605,211.0
3606,213.0
3607,213.0
3608,211.0
3609,211.0
3610,196.0
3611,203.0
3612,193.0
3613,196.0
3614,201.0
3615,185.0
3616,190.0
3617,198.0
3618,196.0
3619,183.0
3620,198.0
3621,196.0
3622,190.0
3623,206.0
3624,198.0
3625,188.0
3626,193.0
3627,203.0
3628,208.0
3629,213.0
3630,193.0
3631,211.0
3632,201.0
3633,211.0
3634,198.0
3635,196.0
3636,216.0
3637,196.0
3638,190.0
3639,213.0
3640,203.0
3641,201.0
3642,201.0
3643,203.0
3644,201.0
3645,211.0
3646,216.0
3647,180.0
3648,201.0
3649,216.0
3650,190.0
3651,190.0
3652,196.0
3653,190.0
3654,201.0
3655,198.0
3656,208.0
3657,196.0
3658,211.0
3659,190.0
3660,201.0
3661,193.0
3662,213.0
3663,206.0
3664,211.0
3665,203.0
3666,180.0
3667,213.0
3668,196.0
3669,185.0
3670,183.0
3671,201.0
3672,203.0
3673,203.0
3674,201.0
3675,203.0
3676,178.0
3677,203.0
3678,213.0
3679,193.0
3680,213.0
3681,196.0
3682,208.0
3683,206.0
3684,206.0
3685,203.0
3686,226.0
3687,206.0
3688,198.0
3689,193.0
3690,190.0
3691,206.0
3692,206.0
3693,183.0
3694,196.0
3695,196.0
3696,206.0
3697,185.0
3698,196.0
3699,198.0
3700,196.0
3701,203.0
3702,201.0
3703,190.0
3704,198.0
3705,185.0
3706,188.0
3707,206.0
3708,206.0
3709,203.0
3710,193.0
3711,206.0
3712,206.0
3713,193.0
3714,198.0
3715,203.0
3716,203.0
3717,206.0
3718,208.0
3719,190.0
3720,193.0
3721,193.0
3722,213.0
3723,211.0
3724,196.0
3725,185.0
3726,198.0
3727,198.0
3728,198.0
3729,203.0
3730,208.0
3731,190.0
3732,198.0
3733,208.0
3734,208.0
3735,185.0
3736,211.0
3737,213.0
3738,213.0
3739,206.0
3740,203.0
3741,203.0
3742,208.0
3743,193.0
3744,211.0
3745,206.0
3746,208.0
3747,211.0
3748,193.0
3749,183.0
3750,198.0
3751,180.0
3752,206.0
3753,208.0
3754,208.0
3755,208.0
3756,208.0
3757,211.0
3758,203.0
3759,203.0
3760,198.0
3761,203.0
3762,198.0
3763,201.0
3764,185.0
3765,208.0
3766,198.0
3767,206.0
3768,213.0
3769,206.0
3770,201.0
3771,196.0
3772,198.0
3773,198.0
3774,206.0
3775,206.0
3776,201.0
3777,208.0
3778,203.0
3779,203.0
3780,198.0
3781,203.0
3782,198.0
3783,201.0
3784,208.0
3785,190.0
3786,201.0
3787,201.0
3788,203.0
3789,203.0
3790,208.0
3791,188.0
3792,213.0
3793,211.0
3794,206.0
3795,208.0
3796,221.0
3797,208.0
3798,208.0
3799,211.0
3800,198.0
3801,216.0
3802,203.0
3803,201.0
3804,196.0
3805,196.0
3806,185.0
3807,185.0
3808,211.0
3809,201.0
3810,196.0
3811,190.0
3812,221.0
3813,211.0
3814,221.0
3815,193.0
3816,206.0
3817,198.0
3818,188.0
3819,188.0
3820,185.0
3821,208.0
3822,221.0
3823,201.0
3824,213.0
3825,211.0
3826,198.0
3827,188.0
3828,198.0
3829,201.0
3830,211.0
3831,196.0
3832,188.0
3833,198.0
3834,193.0
3835,193.0
3836,196.0
3837,198.0
3838,216.0
3839,206.0
3840,208.0
3841,206.0
3842,196.0
3843,193.0
3844,201.0
3845,208.0
3846,190.0
3847,188.0
3848,211.0
3849,190.0
3850,206.0
3851,193.0
3852,211.0
3853,213.0
3854,175.0
3855,183.0
3856,203.0
3857,190.0
3858,198.0
3859,201.0
3860,196.0
3861,188.0
3862,198.0
3863,198.0
3864,198.0
3865,206.0
3866,211.0
3867,193.0
3868,201.0
3869,206.0
3870,185.0
3871,178.0
3872,208.0
3873,190.0
3874,203.0
3875,206.0
3876,211.0
3877,193.0
3878,206.0
3879,201.0
3880,206.0
3881,198.0
3882,216.0
3883,201.0
3884,196.0
3885,193.0
3886,196.0
3887,193.0
3888,206.0
3889,203.0
3890,193.0
3891,211.0
3892,208.0
3893,216.0
3894,193.0
3895,211.0
3896,213.0
3897,201.0
3898,198.0
3899,188.0
3900,198.0
3901,211.0
3902,208.0
3903,201.0
3904,196.0
3905,206.0
3906,211.0
3907,211.0
3908,190.0
3909,213.0
3910,178.0
3911,206.0
3912,198.0
3913,183.0
3914,183.0
3915,203.0
3916,193.0
3917,198.0
3918,208.0
3919,213.0
3920,203.0
3921,216.0
